participant_id,dark_period_ts,lights_on_ts,trial,condition,melanopic_edi,photopic_lux
303,2025-02-11T17:54:04Z,2025-02-11T18:04:24Z,1,5,8408,9822
303,2025-02-11T17:54:04Z,2025-02-11T18:05:41Z,2,1,392,486
303,2025-02-11T17:54:04Z,2025-02-11T18:06:54Z,3,5,8408,9822
303,2025-02-11T17:54:04Z,2025-02-11T18:08:05Z,4,2,912,1074
303,2025-02-11T17:54:04Z,2025-02-11T18:09:18Z,5,4,3906,4532
303,2025-02-11T17:54:04Z,2025-02-11T18:10:29Z,6,2,912,1074
303,2025-02-11T17:54:04Z,2025-02-11T18:11:41Z,7,1,392,486
303,2025-02-11T17:54:04Z,2025-02-11T18:12:53Z,8,1,392,486
303,2025-02-11T17:54:04Z,2025-02-11T18:14:06Z,9,3,1967,2420
303,2025-02-11T17:54:04Z,2025-02-11T18:15:19Z,10,5,8408,9822
303,2025-02-11T17:54:04Z,2025-02-11T18:16:31Z,11,0,0,0
303,2025-02-11T17:54:04Z,2025-02-11T18:17:44Z,12,0,0,0
303,2025-02-11T17:54:04Z,2025-02-11T18:18:57Z,13,5,8408,9822
303,2025-02-11T17:54:04Z,2025-02-11T18:20:11Z,14,3,1967,2420
303,2025-02-11T17:54:04Z,2025-02-11T18:21:22Z,15,0,0,0
303,2025-02-11T17:54:04Z,2025-02-11T18:22:36Z,16,2,912,1074
303,2025-02-11T17:54:04Z,2025-02-11T18:23:47Z,17,3,1967,2420
303,2025-02-11T17:54:04Z,2025-02-11T18:25:00Z,18,1,392,486
303,2025-02-11T17:54:04Z,2025-02-11T18:26:13Z,19,0,0,0
303,2025-02-11T17:54:04Z,2025-02-11T18:27:26Z,20,3,1967,2420
303,2025-02-11T17:54:04Z,2025-02-11T18:28:39Z,21,2,912,1074
303,2025-02-11T17:54:04Z,2025-02-11T18:29:51Z,22,0,0,0
303,2025-02-11T17:54:04Z,2025-02-11T18:31:04Z,23,1,392,486
303,2025-02-11T17:54:04Z,2025-02-11T18:32:15Z,24,4,3906,4532
303,2025-02-11T17:54:04Z,2025-02-11T18:33:27Z,25,3,1967,2420
303,2025-02-11T17:54:04Z,2025-02-11T18:34:38Z,26,3,1967,2420
303,2025-02-11T17:54:04Z,2025-02-11T18:35:52Z,27,4,3906,4532
303,2025-02-11T17:54:04Z,2025-02-11T18:37:05Z,28,1,392,486
303,2025-02-11T17:54:04Z,2025-02-11T18:38:17Z,29,2,912,1074
303,2025-02-11T17:54:04Z,2025-02-11T18:39:31Z,30,2,912,1074
303,2025-02-11T17:54:04Z,2025-02-11T18:40:44Z,31,5,8408,9822
303,2025-02-11T17:54:04Z,2025-02-11T18:41:56Z,32,5,8408,9822
303,2025-02-11T17:54:04Z,2025-02-11T18:43:10Z,33,4,3906,4532
303,2025-02-11T17:54:04Z,2025-02-11T18:44:21Z,34,4,3906,4532
303,2025-02-11T17:54:04Z,2025-02-11T18:45:34Z,35,0,0,0
303,2025-02-11T17:54:04Z,2025-02-11T18:46:46Z,36,4,3906,4532
305,2025-02-26T15:25:46Z,2025-02-26T15:36:05Z,1,5,8408,9822
305,2025-02-26T15:25:46Z,2025-02-26T15:37:17Z,2,2,912,1074
305,2025-02-26T15:25:46Z,2025-02-26T15:38:29Z,3,4,3906,4532
305,2025-02-26T15:25:46Z,2025-02-26T15:39:42Z,4,1,392,486
305,2025-02-26T15:25:46Z,2025-02-26T15:40:54Z,5,1,392,486
305,2025-02-26T15:25:46Z,2025-02-26T15:42:05Z,6,5,8408,9822
305,2025-02-26T15:25:46Z,2025-02-26T15:43:19Z,7,4,3906,4532
305,2025-02-26T15:25:46Z,2025-02-26T15:44:32Z,8,3,1967,2420
305,2025-02-26T15:25:46Z,2025-02-26T15:45:44Z,9,0,0,0
305,2025-02-26T15:25:46Z,2025-02-26T15:46:57Z,10,4,3906,4532
305,2025-02-26T15:25:46Z,2025-02-26T15:48:09Z,11,0,0,0
305,2025-02-26T15:25:46Z,2025-02-26T15:49:23Z,12,3,1967,2420
305,2025-02-26T15:25:46Z,2025-02-26T15:50:34Z,13,5,8408,9822
305,2025-02-26T15:25:46Z,2025-02-26T15:51:46Z,14,0,0,0
305,2025-02-26T15:25:46Z,2025-02-26T15:52:59Z,15,5,8408,9822
305,2025-02-26T15:25:46Z,2025-02-26T15:54:11Z,16,1,392,486
305,2025-02-26T15:25:46Z,2025-02-26T15:55:24Z,17,2,912,1074
305,2025-02-26T15:25:46Z,2025-02-26T15:56:36Z,18,5,8408,9822
305,2025-02-26T15:25:46Z,2025-02-26T15:57:47Z,19,5,8408,9822
305,2025-02-26T15:25:46Z,2025-02-26T15:59:00Z,20,3,1967,2420
305,2025-02-26T15:25:46Z,2025-02-26T16:00:12Z,21,1,392,486
305,2025-02-26T15:25:46Z,2025-02-26T16:01:24Z,22,4,3906,4532
305,2025-02-26T15:25:46Z,2025-02-26T16:02:38Z,23,2,912,1074
305,2025-02-26T15:25:46Z,2025-02-26T16:03:50Z,24,2,912,1074
305,2025-02-26T15:25:46Z,2025-02-26T16:05:02Z,25,0,0,0
305,2025-02-26T15:25:46Z,2025-02-26T16:06:15Z,26,0,0,0
305,2025-02-26T15:25:46Z,2025-02-26T16:07:27Z,27,2,912,1074
305,2025-02-26T15:25:46Z,2025-02-26T16:08:38Z,28,3,1967,2420
305,2025-02-26T15:25:46Z,2025-02-26T16:09:50Z,29,2,912,1074
305,2025-02-26T15:25:46Z,2025-02-26T16:11:03Z,30,1,392,486
305,2025-02-26T15:25:46Z,2025-02-26T16:12:16Z,31,0,0,0
305,2025-02-26T15:25:46Z,2025-02-26T16:13:29Z,32,1,392,486
305,2025-02-26T15:25:46Z,2025-02-26T16:14:40Z,33,3,1967,2420
305,2025-02-26T15:25:46Z,2025-02-26T16:15:53Z,34,3,1967,2420
305,2025-02-26T15:25:46Z,2025-02-26T16:17:07Z,35,4,3906,4532
305,2025-02-26T15:25:46Z,2025-02-26T16:18:19Z,36,4,3906,4532
306,2025-02-28T09:12:09Z,2025-02-28T09:22:26Z,1,5,8408,9822
306,2025-02-28T09:12:09Z,2025-02-28T09:23:39Z,2,5,8408,9822
306,2025-02-28T09:12:09Z,2025-02-28T09:24:50Z,3,0,0,0
306,2025-02-28T09:12:09Z,2025-02-28T09:26:03Z,4,0,0,0
306,2025-02-28T09:12:09Z,2025-02-28T09:27:15Z,5,5,8408,9822
306,2025-02-28T09:12:09Z,2025-02-28T09:28:28Z,6,4,3906,4532
306,2025-02-28T09:12:09Z,2025-02-28T09:29:40Z,7,3,1967,2420
306,2025-02-28T09:12:09Z,2025-02-28T09:30:53Z,8,2,912,1074
306,2025-02-28T09:12:09Z,2025-02-28T09:32:05Z,9,3,1967,2420
306,2025-02-28T09:12:09Z,2025-02-28T09:33:18Z,10,5,8408,9822
306,2025-02-28T09:12:09Z,2025-02-28T09:34:29Z,11,1,392,486
306,2025-02-28T09:12:09Z,2025-02-28T09:35:42Z,12,3,1967,2420
306,2025-02-28T09:12:09Z,2025-02-28T09:36:56Z,13,3,1967,2420
306,2025-02-28T09:12:09Z,2025-02-28T09:38:09Z,14,1,392,486
306,2025-02-28T09:12:09Z,2025-02-28T09:39:22Z,15,4,3906,4532
306,2025-02-28T09:12:09Z,2025-02-28T09:40:35Z,16,1,392,486
306,2025-02-28T09:12:09Z,2025-02-28T09:41:47Z,17,1,392,486
306,2025-02-28T09:12:09Z,2025-02-28T09:42:58Z,18,2,912,1074
306,2025-02-28T09:12:09Z,2025-02-28T09:44:12Z,19,5,8408,9822
306,2025-02-28T09:12:09Z,2025-02-28T09:45:23Z,20,2,912,1074
306,2025-02-28T09:12:09Z,2025-02-28T09:46:35Z,21,1,392,486
306,2025-02-28T09:12:09Z,2025-02-28T09:47:48Z,22,5,8408,9822
306,2025-02-28T09:12:09Z,2025-02-28T09:48:59Z,23,3,1967,2420
306,2025-02-28T09:12:09Z,2025-02-28T09:50:11Z,24,0,0,0
306,2025-02-28T09:12:09Z,2025-02-28T09:51:22Z,25,3,1967,2420
306,2025-02-28T09:12:09Z,2025-02-28T09:52:35Z,26,4,3906,4532
306,2025-02-28T09:12:09Z,2025-02-28T09:53:47Z,27,2,912,1074
306,2025-02-28T09:12:09Z,2025-02-28T09:55:00Z,28,0,0,0
306,2025-02-28T09:12:09Z,2025-02-28T09:56:13Z,29,1,392,486
306,2025-02-28T09:12:09Z,2025-02-28T09:57:26Z,30,0,0,0
306,2025-02-28T09:12:09Z,2025-02-28T09:58:38Z,31,4,3906,4532
306,2025-02-28T09:12:09Z,2025-02-28T09:59:51Z,32,4,3906,4532
306,2025-02-28T09:12:09Z,2025-02-28T10:01:04Z,33,0,0,0
306,2025-02-28T09:12:09Z,2025-02-28T10:02:16Z,34,2,912,1074
306,2025-02-28T09:12:09Z,2025-02-28T10:03:29Z,35,2,912,1074
306,2025-02-28T09:12:09Z,2025-02-28T10:04:42Z,36,4,3906,4532
307,2025-02-28T16:34:35Z,2025-02-28T16:44:57Z,1,5,8408,9822
307,2025-02-28T16:34:35Z,2025-02-28T16:46:09Z,2,3,1967,2420
307,2025-02-28T16:34:35Z,2025-02-28T16:47:22Z,3,5,8408,9822
307,2025-02-28T16:34:35Z,2025-02-28T16:48:35Z,4,1,392,486
307,2025-02-28T16:34:35Z,2025-02-28T16:49:48Z,5,4,3906,4532
307,2025-02-28T16:34:35Z,2025-02-28T16:51:01Z,6,4,3906,4532
307,2025-02-28T16:34:35Z,2025-02-28T16:52:14Z,7,0,0,0
307,2025-02-28T16:34:35Z,2025-02-28T16:53:27Z,8,2,912,1074
307,2025-02-28T16:34:35Z,2025-02-28T16:54:38Z,9,4,3906,4532
307,2025-02-28T16:34:35Z,2025-02-28T16:55:51Z,10,1,392,486
307,2025-02-28T16:34:35Z,2025-02-28T16:57:04Z,11,2,912,1074
307,2025-02-28T16:34:35Z,2025-02-28T16:58:18Z,12,5,8408,9822
307,2025-02-28T16:34:35Z,2025-02-28T16:59:31Z,13,0,0,0
307,2025-02-28T16:34:35Z,2025-02-28T17:00:43Z,14,0,0,0
307,2025-02-28T16:34:35Z,2025-02-28T17:01:55Z,15,5,8408,9822
307,2025-02-28T16:34:35Z,2025-02-28T17:03:06Z,16,5,8408,9822
307,2025-02-28T16:34:35Z,2025-02-28T17:04:18Z,17,2,912,1074
307,2025-02-28T16:34:35Z,2025-02-28T17:05:30Z,18,0,0,0
307,2025-02-28T16:34:35Z,2025-02-28T17:06:43Z,19,1,392,486
307,2025-02-28T16:34:35Z,2025-02-28T17:07:55Z,20,5,8408,9822
307,2025-02-28T16:34:35Z,2025-02-28T17:09:07Z,21,4,3906,4532
307,2025-02-28T16:34:35Z,2025-02-28T17:10:18Z,22,3,1967,2420
307,2025-02-28T16:34:35Z,2025-02-28T17:11:29Z,23,0,0,0
307,2025-02-28T16:34:35Z,2025-02-28T17:12:43Z,24,4,3906,4532
307,2025-02-28T16:34:35Z,2025-02-28T17:13:56Z,25,2,912,1074
307,2025-02-28T16:34:35Z,2025-02-28T17:15:07Z,26,1,392,486
307,2025-02-28T16:34:35Z,2025-02-28T17:16:21Z,27,3,1967,2420
307,2025-02-28T16:34:35Z,2025-02-28T17:17:33Z,28,1,392,486
307,2025-02-28T16:34:35Z,2025-02-28T17:18:46Z,29,1,392,486
307,2025-02-28T16:34:35Z,2025-02-28T17:20:00Z,30,0,0,0
307,2025-02-28T16:34:35Z,2025-02-28T17:21:12Z,31,3,1967,2420
307,2025-02-28T16:34:35Z,2025-02-28T17:22:24Z,32,2,912,1074
307,2025-02-28T16:34:35Z,2025-02-28T17:23:38Z,33,2,912,1074
307,2025-02-28T16:34:35Z,2025-02-28T17:24:51Z,34,3,1967,2420
307,2025-02-28T16:34:35Z,2025-02-28T17:26:02Z,35,3,1967,2420
307,2025-02-28T16:34:35Z,2025-02-28T17:27:14Z,36,4,3906,4532
308,2025-03-07T09:24:22Z,2025-03-07T09:34:41Z,1,5,8408,9822
308,2025-03-07T09:24:22Z,2025-03-07T09:35:52Z,2,1,392,486
308,2025-03-07T09:24:22Z,2025-03-07T09:37:06Z,3,1,392,486
308,2025-03-07T09:24:22Z,2025-03-07T09:38:17Z,4,5,8408,9822
308,2025-03-07T09:24:22Z,2025-03-07T09:39:29Z,5,5,8408,9822
308,2025-03-07T09:24:22Z,2025-03-07T09:40:42Z,6,0,0,0
308,2025-03-07T09:24:22Z,2025-03-07T09:41:55Z,7,5,8408,9822
308,2025-03-07T09:24:22Z,2025-03-07T09:43:08Z,8,2,912,1074
308,2025-03-07T09:24:22Z,2025-03-07T09:44:22Z,9,5,8408,9822
308,2025-03-07T09:24:22Z,2025-03-07T09:45:34Z,10,3,1967,2420
308,2025-03-07T09:24:22Z,2025-03-07T09:46:48Z,11,2,912,1074
308,2025-03-07T09:24:22Z,2025-03-07T09:48:01Z,12,4,3906,4532
308,2025-03-07T09:24:22Z,2025-03-07T09:49:12Z,13,1,392,486
308,2025-03-07T09:24:22Z,2025-03-07T09:50:24Z,14,4,3906,4532
308,2025-03-07T09:24:22Z,2025-03-07T09:51:36Z,15,4,3906,4532
308,2025-03-07T09:24:22Z,2025-03-07T09:52:48Z,16,2,912,1074
308,2025-03-07T09:24:22Z,2025-03-07T09:54:00Z,17,2,912,1074
308,2025-03-07T09:24:22Z,2025-03-07T09:55:12Z,18,3,1967,2420
308,2025-03-07T09:24:22Z,2025-03-07T09:56:25Z,19,0,0,0
308,2025-03-07T09:24:22Z,2025-03-07T09:57:37Z,20,0,0,0
308,2025-03-07T09:24:22Z,2025-03-07T09:58:49Z,21,4,3906,4532
308,2025-03-07T09:24:22Z,2025-03-07T10:00:02Z,22,3,1967,2420
308,2025-03-07T09:24:22Z,2025-03-07T10:01:14Z,23,1,392,486
308,2025-03-07T09:24:22Z,2025-03-07T10:02:27Z,24,0,0,0
308,2025-03-07T09:24:22Z,2025-03-07T10:03:39Z,25,2,912,1074
308,2025-03-07T09:24:22Z,2025-03-07T10:04:51Z,26,0,0,0
308,2025-03-07T09:24:22Z,2025-03-07T10:06:03Z,27,1,392,486
308,2025-03-07T09:24:22Z,2025-03-07T10:07:15Z,28,2,912,1074
308,2025-03-07T09:24:22Z,2025-03-07T10:08:28Z,29,1,392,486
308,2025-03-07T09:24:22Z,2025-03-07T10:09:41Z,30,3,1967,2420
308,2025-03-07T09:24:22Z,2025-03-07T10:10:53Z,31,4,3906,4532
308,2025-03-07T09:24:22Z,2025-03-07T10:12:07Z,32,0,0,0
308,2025-03-07T09:24:22Z,2025-03-07T10:13:20Z,33,3,1967,2420
308,2025-03-07T09:24:22Z,2025-03-07T10:14:33Z,34,3,1967,2420
308,2025-03-07T09:24:22Z,2025-03-07T10:15:45Z,35,5,8408,9822
308,2025-03-07T09:24:22Z,2025-03-07T10:16:57Z,36,4,3906,4532
309,2025-03-11T14:39:26Z,2025-03-11T14:49:46Z,1,5,8408,9822
309,2025-03-11T14:39:26Z,2025-03-11T14:50:59Z,2,4,3906,4532
309,2025-03-11T14:39:26Z,2025-03-11T14:52:11Z,3,2,912,1074
309,2025-03-11T14:39:26Z,2025-03-11T14:53:24Z,4,4,3906,4532
309,2025-03-11T14:39:26Z,2025-03-11T14:54:37Z,5,1,392,486
309,2025-03-11T14:39:26Z,2025-03-11T14:55:48Z,6,3,1967,2420
309,2025-03-11T14:39:26Z,2025-03-11T14:57:00Z,7,2,912,1074
309,2025-03-11T14:39:26Z,2025-03-11T14:58:12Z,8,0,0,0
309,2025-03-11T14:39:26Z,2025-03-11T14:59:23Z,9,2,912,1074
309,2025-03-11T14:39:26Z,2025-03-11T15:00:36Z,10,3,1967,2420
309,2025-03-11T14:39:26Z,2025-03-11T15:01:47Z,11,3,1967,2420
309,2025-03-11T14:39:26Z,2025-03-11T15:02:59Z,12,5,8408,9822
309,2025-03-11T14:39:26Z,2025-03-11T15:04:11Z,13,5,8408,9822
309,2025-03-11T14:39:26Z,2025-03-11T15:05:24Z,14,0,0,0
309,2025-03-11T14:39:26Z,2025-03-11T15:06:36Z,15,1,392,486
309,2025-03-11T14:39:26Z,2025-03-11T15:07:48Z,16,4,3906,4532
309,2025-03-11T14:39:26Z,2025-03-11T15:09:01Z,17,3,1967,2420
309,2025-03-11T14:39:26Z,2025-03-11T15:10:13Z,18,1,392,486
309,2025-03-11T14:39:26Z,2025-03-11T15:11:26Z,19,1,392,486
309,2025-03-11T14:39:26Z,2025-03-11T15:12:40Z,20,5,8408,9822
309,2025-03-11T14:39:26Z,2025-03-11T15:13:53Z,21,2,912,1074
309,2025-03-11T14:39:26Z,2025-03-11T15:15:04Z,22,2,912,1074
309,2025-03-11T14:39:26Z,2025-03-11T15:16:18Z,23,1,392,486
309,2025-03-11T14:39:26Z,2025-03-11T15:17:30Z,24,2,912,1074
309,2025-03-11T14:39:26Z,2025-03-11T15:18:41Z,25,5,8408,9822
309,2025-03-11T14:39:26Z,2025-03-11T15:19:53Z,26,3,1967,2420
309,2025-03-11T14:39:26Z,2025-03-11T15:21:06Z,27,0,0,0
309,2025-03-11T14:39:26Z,2025-03-11T15:22:20Z,28,4,3906,4532
309,2025-03-11T14:39:26Z,2025-03-11T15:23:32Z,29,4,3906,4532
309,2025-03-11T14:39:26Z,2025-03-11T15:24:46Z,30,0,0,0
309,2025-03-11T14:39:26Z,2025-03-11T15:25:58Z,31,0,0,0
309,2025-03-11T14:39:26Z,2025-03-11T15:27:11Z,32,5,8408,9822
309,2025-03-11T14:39:26Z,2025-03-11T15:28:23Z,33,1,392,486
309,2025-03-11T14:39:26Z,2025-03-11T15:29:36Z,34,0,0,0
309,2025-03-11T14:39:26Z,2025-03-11T15:30:48Z,35,3,1967,2420
309,2025-03-11T14:39:26Z,2025-03-11T15:31:59Z,36,4,3906,4532
310,2025-03-18T16:58:46Z,2025-03-18T17:09:06Z,1,5,8408,9822
310,2025-03-18T16:58:46Z,2025-03-18T17:10:43Z,2,5,8408,9822
310,2025-03-18T16:58:46Z,2025-03-18T17:11:54Z,3,4,3906,4532
310,2025-03-18T16:58:46Z,2025-03-18T17:13:08Z,4,4,3906,4532
310,2025-03-18T16:58:46Z,2025-03-18T17:14:19Z,5,3,1967,2420
310,2025-03-18T16:58:46Z,2025-03-18T17:15:32Z,6,3,1967,2420
310,2025-03-18T16:58:46Z,2025-03-18T17:16:43Z,7,5,8408,9822
310,2025-03-18T16:58:46Z,2025-03-18T17:17:54Z,8,0,0,0
310,2025-03-18T16:58:46Z,2025-03-18T17:19:07Z,9,1,392,486
310,2025-03-18T16:58:46Z,2025-03-18T17:20:20Z,10,1,392,486
310,2025-03-18T16:58:46Z,2025-03-18T17:21:32Z,11,2,912,1074
310,2025-03-18T16:58:46Z,2025-03-18T17:22:45Z,12,1,392,486
310,2025-03-18T16:58:46Z,2025-03-18T17:23:56Z,13,4,3906,4532
310,2025-03-18T16:58:46Z,2025-03-18T17:25:10Z,14,2,912,1074
310,2025-03-18T16:58:46Z,2025-03-18T17:26:22Z,15,5,8408,9822
310,2025-03-18T16:58:46Z,2025-03-18T17:27:34Z,16,2,912,1074
310,2025-03-18T16:58:46Z,2025-03-18T17:28:48Z,17,0,0,0
310,2025-03-18T16:58:46Z,2025-03-18T17:30:01Z,18,5,8408,9822
310,2025-03-18T16:58:46Z,2025-03-18T17:31:14Z,19,1,392,486
310,2025-03-18T16:58:46Z,2025-03-18T17:32:28Z,20,0,0,0
310,2025-03-18T16:58:46Z,2025-03-18T17:33:40Z,21,3,1967,2420
310,2025-03-18T16:58:46Z,2025-03-18T17:34:54Z,22,1,392,486
310,2025-03-18T16:58:46Z,2025-03-18T17:36:08Z,23,3,1967,2420
310,2025-03-18T16:58:46Z,2025-03-18T17:37:21Z,24,4,3906,4532
310,2025-03-18T16:58:46Z,2025-03-18T17:38:35Z,25,1,392,486
310,2025-03-18T16:58:46Z,2025-03-18T17:39:47Z,26,5,8408,9822
310,2025-03-18T16:58:46Z,2025-03-18T17:40:59Z,27,3,1967,2420
310,2025-03-18T16:58:46Z,2025-03-18T17:42:12Z,28,2,912,1074
310,2025-03-18T16:58:46Z,2025-03-18T17:43:24Z,29,3,1967,2420
310,2025-03-18T16:58:46Z,2025-03-18T17:44:36Z,30,0,0,0
310,2025-03-18T16:58:46Z,2025-03-18T17:45:50Z,31,0,0,0
310,2025-03-18T16:58:46Z,2025-03-18T17:47:02Z,32,4,3906,4532
310,2025-03-18T16:58:46Z,2025-03-18T17:48:15Z,33,0,0,0
310,2025-03-18T16:58:46Z,2025-03-18T17:49:29Z,34,2,912,1074
310,2025-03-18T16:58:46Z,2025-03-18T17:50:42Z,35,2,912,1074
310,2025-03-18T16:58:46Z,2025-03-18T17:51:55Z,36,4,3906,4532
311,2025-03-19T10:35:09Z,2025-03-19T10:45:30Z,1,5,8408,9822
311,2025-03-19T10:35:09Z,2025-03-19T10:46:41Z,2,0,0,0
311,2025-03-19T10:35:09Z,2025-03-19T10:47:53Z,3,2,912,1074
311,2025-03-19T10:35:09Z,2025-03-19T10:49:07Z,4,3,1967,2420
311,2025-03-19T10:35:09Z,2025-03-19T10:50:20Z,5,4,3906,4532
311,2025-03-19T10:35:09Z,2025-03-19T10:51:33Z,6,1,392,486
311,2025-03-19T10:35:09Z,2025-03-19T10:52:44Z,7,0,0,0
311,2025-03-19T10:35:09Z,2025-03-19T10:53:57Z,8,5,8408,9822
311,2025-03-19T10:35:09Z,2025-03-19T10:55:10Z,9,4,3906,4532
311,2025-03-19T10:35:09Z,2025-03-19T10:56:21Z,10,0,0,0
311,2025-03-19T10:35:09Z,2025-03-19T10:57:34Z,11,3,1967,2420
311,2025-03-19T10:35:09Z,2025-03-19T10:58:45Z,12,2,912,1074
311,2025-03-19T10:35:09Z,2025-03-19T10:59:57Z,13,0,0,0
311,2025-03-19T10:35:09Z,2025-03-19T11:01:10Z,14,4,3906,4532
311,2025-03-19T10:35:09Z,2025-03-19T11:02:23Z,15,4,3906,4532
311,2025-03-19T10:35:09Z,2025-03-19T11:03:35Z,16,2,912,1074
311,2025-03-19T10:35:09Z,2025-03-19T11:04:47Z,17,1,392,486
311,2025-03-19T10:35:09Z,2025-03-19T11:06:00Z,18,3,1967,2420
311,2025-03-19T10:35:09Z,2025-03-19T11:07:13Z,19,1,392,486
311,2025-03-19T10:35:09Z,2025-03-19T11:08:26Z,20,4,3906,4532
311,2025-03-19T10:35:09Z,2025-03-19T11:09:38Z,21,3,1967,2420
311,2025-03-19T10:35:09Z,2025-03-19T11:10:52Z,22,5,8408,9822
311,2025-03-19T10:35:09Z,2025-03-19T11:12:04Z,23,2,912,1074
311,2025-03-19T10:35:09Z,2025-03-19T11:13:18Z,24,5,8408,9822
311,2025-03-19T10:35:09Z,2025-03-19T11:14:30Z,25,1,392,486
311,2025-03-19T10:35:09Z,2025-03-19T11:15:44Z,26,1,392,486
311,2025-03-19T10:35:09Z,2025-03-19T11:16:57Z,27,5,8408,9822
311,2025-03-19T10:35:09Z,2025-03-19T11:18:08Z,28,5,8408,9822
311,2025-03-19T10:35:09Z,2025-03-19T11:19:19Z,29,3,1967,2420
311,2025-03-19T10:35:09Z,2025-03-19T11:20:32Z,30,3,1967,2420
311,2025-03-19T10:35:09Z,2025-03-19T11:21:44Z,31,0,0,0
311,2025-03-19T10:35:09Z,2025-03-19T11:22:58Z,32,0,0,0
311,2025-03-19T10:35:09Z,2025-03-19T11:24:12Z,33,1,392,486
311,2025-03-19T10:35:09Z,2025-03-19T11:25:25Z,34,2,912,1074
311,2025-03-19T10:35:09Z,2025-03-19T11:26:38Z,35,2,912,1074
311,2025-03-19T10:35:09Z,2025-03-19T11:27:51Z,36,4,3906,4532
312,2025-03-19T16:30:08Z,2025-03-19T16:40:28Z,1,5,8408,9822
312,2025-03-19T16:30:08Z,2025-03-19T16:41:42Z,2,3,1967,2420
312,2025-03-19T16:30:08Z,2025-03-19T16:42:53Z,3,1,392,486
312,2025-03-19T16:30:08Z,2025-03-19T16:44:05Z,4,0,0,0
312,2025-03-19T16:30:08Z,2025-03-19T16:45:17Z,5,2,912,1074
312,2025-03-19T16:30:08Z,2025-03-19T16:46:28Z,6,1,392,486
312,2025-03-19T16:30:08Z,2025-03-19T16:47:46Z,7,5,8408,9822
312,2025-03-19T16:30:08Z,2025-03-19T16:48:58Z,8,4,3906,4532
312,2025-03-19T16:30:08Z,2025-03-19T16:50:12Z,9,3,1967,2420
312,2025-03-19T16:30:08Z,2025-03-19T16:51:26Z,10,4,3906,4532
312,2025-03-19T16:30:08Z,2025-03-19T16:52:38Z,11,1,392,486
312,2025-03-19T16:30:08Z,2025-03-19T16:53:50Z,12,4,3906,4532
312,2025-03-19T16:30:08Z,2025-03-19T16:55:04Z,13,0,0,0
312,2025-03-19T16:30:08Z,2025-03-19T16:56:17Z,14,5,8408,9822
312,2025-03-19T16:30:08Z,2025-03-19T16:57:28Z,15,0,0,0
312,2025-03-19T16:30:08Z,2025-03-19T16:58:42Z,16,1,392,486
312,2025-03-19T16:30:08Z,2025-03-19T16:59:54Z,17,1,392,486
312,2025-03-19T16:30:08Z,2025-03-19T17:01:06Z,18,2,912,1074
312,2025-03-19T16:30:08Z,2025-03-19T17:02:27Z,19,3,1967,2420
312,2025-03-19T16:30:08Z,2025-03-19T17:03:39Z,20,5,8408,9822
312,2025-03-19T16:30:08Z,2025-03-19T17:04:53Z,21,2,912,1074
312,2025-03-19T16:30:08Z,2025-03-19T17:06:06Z,22,2,912,1074
312,2025-03-19T16:30:08Z,2025-03-19T17:07:26Z,23,4,3906,4532
312,2025-03-19T16:30:08Z,2025-03-19T17:08:39Z,24,2,912,1074
312,2025-03-19T16:30:08Z,2025-03-19T17:09:53Z,25,5,8408,9822
312,2025-03-19T16:30:08Z,2025-03-19T17:11:07Z,26,5,8408,9822
312,2025-03-19T16:30:08Z,2025-03-19T17:12:21Z,27,1,392,486
312,2025-03-19T16:30:08Z,2025-03-19T17:13:33Z,28,3,1967,2420
312,2025-03-19T16:30:08Z,2025-03-19T17:14:46Z,29,3,1967,2420
312,2025-03-19T16:30:08Z,2025-03-19T17:16:00Z,30,2,912,1074
312,2025-03-19T16:30:08Z,2025-03-19T17:17:13Z,31,0,0,0
312,2025-03-19T16:30:08Z,2025-03-19T17:18:24Z,32,0,0,0
312,2025-03-19T16:30:08Z,2025-03-19T17:19:36Z,33,3,1967,2420
312,2025-03-19T16:30:08Z,2025-03-19T17:20:49Z,34,0,0,0
312,2025-03-19T16:30:08Z,2025-03-19T17:22:03Z,35,4,3906,4532
312,2025-03-19T16:30:08Z,2025-03-19T17:23:16Z,36,4,3906,4532
314,2025-03-21T10:40:23Z,2025-03-21T10:50:43Z,1,5,8408,9822
314,2025-03-21T10:40:23Z,2025-03-21T10:51:55Z,2,1,392,486
314,2025-03-21T10:40:23Z,2025-03-21T10:53:08Z,3,4,3906,4532
314,2025-03-21T10:40:23Z,2025-03-21T10:54:19Z,4,0,0,0
314,2025-03-21T10:40:23Z,2025-03-21T10:55:31Z,5,3,1967,2420
314,2025-03-21T10:40:23Z,2025-03-21T10:56:42Z,6,1,392,486
314,2025-03-21T10:40:23Z,2025-03-21T10:57:55Z,7,5,8408,9822
314,2025-03-21T10:40:23Z,2025-03-21T10:59:07Z,8,4,3906,4532
314,2025-03-21T10:40:23Z,2025-03-21T11:00:21Z,9,1,392,486
314,2025-03-21T10:40:23Z,2025-03-21T11:01:33Z,10,1,392,486
314,2025-03-21T10:40:23Z,2025-03-21T11:02:46Z,11,3,1967,2420
314,2025-03-21T10:40:23Z,2025-03-21T11:03:58Z,12,2,912,1074
314,2025-03-21T10:40:23Z,2025-03-21T11:05:10Z,13,1,392,486
314,2025-03-21T10:40:23Z,2025-03-21T11:06:23Z,14,2,912,1074
314,2025-03-21T10:40:23Z,2025-03-21T11:07:37Z,15,2,912,1074
314,2025-03-21T10:40:23Z,2025-03-21T11:08:50Z,16,0,0,0
314,2025-03-21T10:40:23Z,2025-03-21T11:10:03Z,17,5,8408,9822
314,2025-03-21T10:40:23Z,2025-03-21T11:11:17Z,18,0,0,0
314,2025-03-21T10:40:23Z,2025-03-21T11:12:30Z,19,4,3906,4532
314,2025-03-21T10:40:23Z,2025-03-21T11:13:42Z,20,4,3906,4532
314,2025-03-21T10:40:23Z,2025-03-21T11:14:55Z,21,2,912,1074
314,2025-03-21T10:40:23Z,2025-03-21T11:16:09Z,22,4,3906,4532
314,2025-03-21T10:40:23Z,2025-03-21T11:17:21Z,23,3,1967,2420
314,2025-03-21T10:40:23Z,2025-03-21T11:18:34Z,24,3,1967,2420
314,2025-03-21T10:40:23Z,2025-03-21T11:19:45Z,25,5,8408,9822
314,2025-03-21T10:40:23Z,2025-03-21T11:20:57Z,26,3,1967,2420
314,2025-03-21T10:40:23Z,2025-03-21T11:22:11Z,27,0,0,0
314,2025-03-21T10:40:23Z,2025-03-21T11:23:23Z,28,0,0,0
314,2025-03-21T10:40:23Z,2025-03-21T11:24:37Z,29,1,392,486
314,2025-03-21T10:40:23Z,2025-03-21T11:25:50Z,30,0,0,0
314,2025-03-21T10:40:23Z,2025-03-21T11:27:03Z,31,2,912,1074
314,2025-03-21T10:40:23Z,2025-03-21T11:28:14Z,32,5,8408,9822
314,2025-03-21T10:40:23Z,2025-03-21T11:29:28Z,33,5,8408,9822
314,2025-03-21T10:40:23Z,2025-03-21T11:30:39Z,34,2,912,1074
314,2025-03-21T10:40:23Z,2025-03-21T11:31:51Z,35,3,1967,2420
314,2025-03-21T10:40:23Z,2025-03-21T11:33:03Z,36,4,3906,4532
315,2025-03-25T16:26:26Z,2025-03-25T16:36:46Z,1,5,8408,9822
315,2025-03-25T16:26:26Z,2025-03-25T16:37:59Z,2,2,912,1074
315,2025-03-25T16:26:26Z,2025-03-25T16:39:12Z,3,2,912,1074
315,2025-03-25T16:26:26Z,2025-03-25T16:40:24Z,4,0,0,0
315,2025-03-25T16:26:26Z,2025-03-25T16:41:35Z,5,3,1967,2420
315,2025-03-25T16:26:26Z,2025-03-25T16:42:48Z,6,5,8408,9822
315,2025-03-25T16:26:26Z,2025-03-25T16:43:59Z,7,1,392,486
315,2025-03-25T16:26:26Z,2025-03-25T16:45:13Z,8,2,912,1074
315,2025-03-25T16:26:26Z,2025-03-25T16:46:24Z,9,5,8408,9822
315,2025-03-25T16:26:26Z,2025-03-25T16:47:38Z,10,0,0,0
315,2025-03-25T16:26:26Z,2025-03-25T16:48:50Z,11,2,912,1074
315,2025-03-25T16:26:26Z,2025-03-25T16:50:01Z,12,4,3906,4532
315,2025-03-25T16:26:26Z,2025-03-25T16:51:14Z,13,4,3906,4532
315,2025-03-25T16:26:26Z,2025-03-25T16:52:27Z,14,2,912,1074
315,2025-03-25T16:26:26Z,2025-03-25T16:53:41Z,15,1,392,486
315,2025-03-25T16:26:26Z,2025-03-25T16:54:52Z,16,1,392,486
315,2025-03-25T16:26:26Z,2025-03-25T16:56:05Z,17,0,0,0
315,2025-03-25T16:26:26Z,2025-03-25T16:57:18Z,18,0,0,0
315,2025-03-25T16:26:26Z,2025-03-25T16:58:31Z,19,5,8408,9822
315,2025-03-25T16:26:26Z,2025-03-25T16:59:44Z,20,4,3906,4532
315,2025-03-25T16:26:26Z,2025-03-25T17:00:56Z,21,3,1967,2420
315,2025-03-25T16:26:26Z,2025-03-25T17:02:08Z,22,1,392,486
315,2025-03-25T16:26:26Z,2025-03-25T17:03:22Z,23,5,8408,9822
315,2025-03-25T16:26:26Z,2025-03-25T17:04:34Z,24,5,8408,9822
315,2025-03-25T16:26:26Z,2025-03-25T17:05:45Z,25,3,1967,2420
315,2025-03-25T16:26:26Z,2025-03-25T17:06:57Z,26,4,3906,4532
315,2025-03-25T16:26:26Z,2025-03-25T17:08:09Z,27,1,392,486
315,2025-03-25T16:26:26Z,2025-03-25T17:09:20Z,28,4,3906,4532
315,2025-03-25T16:26:26Z,2025-03-25T17:10:32Z,29,0,0,0
315,2025-03-25T16:26:26Z,2025-03-25T17:11:46Z,30,1,392,486
315,2025-03-25T16:26:26Z,2025-03-25T17:12:59Z,31,3,1967,2420
315,2025-03-25T16:26:26Z,2025-03-25T17:14:10Z,32,2,912,1074
315,2025-03-25T16:26:26Z,2025-03-25T17:15:22Z,33,3,1967,2420
315,2025-03-25T16:26:26Z,2025-03-25T17:16:36Z,34,3,1967,2420
315,2025-03-25T16:26:26Z,2025-03-25T17:17:48Z,35,0,0,0
315,2025-03-25T16:26:26Z,2025-03-25T17:19:01Z,36,4,3906,4532
317,2025-03-27T14:17:10Z,2025-03-27T14:27:30Z,1,5,8408,9822
317,2025-03-27T14:17:10Z,2025-03-27T14:28:43Z,2,5,8408,9822
317,2025-03-27T14:17:10Z,2025-03-27T14:29:55Z,3,3,1967,2420
317,2025-03-27T14:17:10Z,2025-03-27T14:31:08Z,4,4,3906,4532
317,2025-03-27T14:17:10Z,2025-03-27T14:32:22Z,5,2,912,1074
317,2025-03-27T14:17:10Z,2025-03-27T14:33:34Z,6,4,3906,4532
317,2025-03-27T14:17:10Z,2025-03-27T14:34:46Z,7,3,1967,2420
317,2025-03-27T14:17:10Z,2025-03-27T14:36:00Z,8,3,1967,2420
317,2025-03-27T14:17:10Z,2025-03-27T14:37:11Z,9,2,912,1074
317,2025-03-27T14:17:10Z,2025-03-27T14:38:22Z,10,2,912,1074
317,2025-03-27T14:17:10Z,2025-03-27T14:39:34Z,11,0,0,0
317,2025-03-27T14:17:10Z,2025-03-27T14:40:45Z,12,5,8408,9822
317,2025-03-27T14:17:10Z,2025-03-27T14:41:59Z,13,0,0,0
317,2025-03-27T14:17:10Z,2025-03-27T14:43:12Z,14,3,1967,2420
317,2025-03-27T14:17:10Z,2025-03-27T14:44:25Z,15,0,0,0
317,2025-03-27T14:17:10Z,2025-03-27T14:45:38Z,16,1,392,486
317,2025-03-27T14:17:10Z,2025-03-27T14:46:52Z,17,3,1967,2420
317,2025-03-27T14:17:10Z,2025-03-27T14:48:04Z,18,1,392,486
317,2025-03-27T14:17:10Z,2025-03-27T14:49:16Z,19,4,3906,4532
317,2025-03-27T14:17:10Z,2025-03-27T14:50:28Z,20,4,3906,4532
317,2025-03-27T14:17:10Z,2025-03-27T14:51:41Z,21,1,392,486
317,2025-03-27T14:17:10Z,2025-03-27T14:52:52Z,22,0,0,0
317,2025-03-27T14:17:10Z,2025-03-27T14:54:04Z,23,4,3906,4532
317,2025-03-27T14:17:10Z,2025-03-27T14:55:16Z,24,0,0,0
317,2025-03-27T14:17:10Z,2025-03-27T14:56:29Z,25,0,0,0
317,2025-03-27T14:17:10Z,2025-03-27T14:57:40Z,26,2,912,1074
317,2025-03-27T14:17:10Z,2025-03-27T14:58:51Z,27,3,1967,2420
317,2025-03-27T14:17:10Z,2025-03-27T15:00:03Z,28,5,8408,9822
317,2025-03-27T14:17:10Z,2025-03-27T15:01:17Z,29,1,392,486
317,2025-03-27T14:17:10Z,2025-03-27T15:02:31Z,30,2,912,1074
317,2025-03-27T14:17:10Z,2025-03-27T15:03:42Z,31,1,392,486
317,2025-03-27T14:17:10Z,2025-03-27T15:04:53Z,32,1,392,486
317,2025-03-27T14:17:10Z,2025-03-27T15:06:06Z,33,5,8408,9822
317,2025-03-27T14:17:10Z,2025-03-27T15:07:18Z,34,2,912,1074
317,2025-03-27T14:17:10Z,2025-03-27T15:08:32Z,35,5,8408,9822
317,2025-03-27T14:17:10Z,2025-03-27T15:09:45Z,36,4,3906,4532
319,2025-04-03T09:28:36Z,2025-04-03T09:38:54Z,1,5,8408,9822
319,2025-04-03T09:28:36Z,2025-04-03T09:40:05Z,2,5,8408,9822
319,2025-04-03T09:28:36Z,2025-04-03T09:41:17Z,3,1,392,486
319,2025-04-03T09:28:36Z,2025-04-03T09:42:30Z,4,1,392,486
319,2025-04-03T09:28:36Z,2025-04-03T09:43:42Z,5,5,8408,9822
319,2025-04-03T09:28:36Z,2025-04-03T09:44:54Z,6,4,3906,4532
319,2025-04-03T09:28:36Z,2025-04-03T09:46:06Z,7,0,0,0
319,2025-04-03T09:28:36Z,2025-04-03T09:47:17Z,8,4,3906,4532
319,2025-04-03T09:28:36Z,2025-04-03T09:48:28Z,9,4,3906,4532
319,2025-04-03T09:28:36Z,2025-04-03T09:49:40Z,10,3,1967,2420
319,2025-04-03T09:28:36Z,2025-04-03T09:50:51Z,11,1,392,486
319,2025-04-03T09:28:36Z,2025-04-03T09:52:03Z,12,3,1967,2420
319,2025-04-03T09:28:36Z,2025-04-03T09:53:15Z,13,5,8408,9822
319,2025-04-03T09:28:36Z,2025-04-03T09:54:28Z,14,3,1967,2420
319,2025-04-03T09:28:36Z,2025-04-03T09:55:41Z,15,4,3906,4532
319,2025-04-03T09:28:36Z,2025-04-03T09:56:52Z,16,2,912,1074
319,2025-04-03T09:28:36Z,2025-04-03T09:58:05Z,17,1,392,486
319,2025-04-03T09:28:36Z,2025-04-03T09:59:16Z,18,4,3906,4532
319,2025-04-03T09:28:36Z,2025-04-03T10:00:29Z,19,1,392,486
319,2025-04-03T09:28:36Z,2025-04-03T10:01:42Z,20,0,0,0
319,2025-04-03T09:28:36Z,2025-04-03T10:02:56Z,21,1,392,486
319,2025-04-03T09:28:36Z,2025-04-03T10:04:09Z,22,2,912,1074
319,2025-04-03T09:28:36Z,2025-04-03T10:05:20Z,23,0,0,0
319,2025-04-03T09:28:36Z,2025-04-03T10:06:34Z,24,2,912,1074
319,2025-04-03T09:28:36Z,2025-04-03T10:07:46Z,25,3,1967,2420
319,2025-04-03T09:28:36Z,2025-04-03T10:08:57Z,26,0,0,0
319,2025-04-03T09:28:36Z,2025-04-03T10:10:09Z,27,3,1967,2420
319,2025-04-03T09:28:36Z,2025-04-03T10:11:22Z,28,3,1967,2420
319,2025-04-03T09:28:36Z,2025-04-03T10:12:36Z,29,2,912,1074
319,2025-04-03T09:28:36Z,2025-04-03T10:13:49Z,30,5,8408,9822
319,2025-04-03T09:28:36Z,2025-04-03T10:15:01Z,31,0,0,0
319,2025-04-03T09:28:36Z,2025-04-03T10:16:14Z,32,0,0,0
319,2025-04-03T09:28:36Z,2025-04-03T10:17:28Z,33,5,8408,9822
319,2025-04-03T09:28:36Z,2025-04-03T10:18:41Z,34,2,912,1074
319,2025-04-03T09:28:36Z,2025-04-03T10:19:54Z,35,2,912,1074
319,2025-04-03T09:28:36Z,2025-04-03T10:21:05Z,36,4,3906,4532
321,2025-04-08T09:22:04Z,2025-04-08T09:32:23Z,1,5,8408,9822
321,2025-04-08T09:22:04Z,2025-04-08T09:33:36Z,2,0,0,0
321,2025-04-08T09:22:04Z,2025-04-08T09:34:48Z,3,1,392,486
321,2025-04-08T09:22:04Z,2025-04-08T09:36:00Z,4,5,8408,9822
321,2025-04-08T09:22:04Z,2025-04-08T09:37:12Z,5,1,392,486
321,2025-04-08T09:22:04Z,2025-04-08T09:38:24Z,6,4,3906,4532
321,2025-04-08T09:22:04Z,2025-04-08T09:39:37Z,7,3,1967,2420
321,2025-04-08T09:22:04Z,2025-04-08T09:40:48Z,8,2,912,1074
321,2025-04-08T09:22:04Z,2025-04-08T09:42:01Z,9,4,3906,4532
321,2025-04-08T09:22:04Z,2025-04-08T09:43:13Z,10,2,912,1074
321,2025-04-08T09:22:04Z,2025-04-08T09:44:26Z,11,3,1967,2420
321,2025-04-08T09:22:04Z,2025-04-08T09:45:38Z,12,5,8408,9822
321,2025-04-08T09:22:04Z,2025-04-08T09:46:50Z,13,2,912,1074
321,2025-04-08T09:22:04Z,2025-04-08T09:48:02Z,14,5,8408,9822
321,2025-04-08T09:22:04Z,2025-04-08T09:49:16Z,15,5,8408,9822
321,2025-04-08T09:22:04Z,2025-04-08T09:50:29Z,16,4,3906,4532
321,2025-04-08T09:22:04Z,2025-04-08T09:51:40Z,17,1,392,486
321,2025-04-08T09:22:04Z,2025-04-08T09:52:54Z,18,0,0,0
321,2025-04-08T09:22:04Z,2025-04-08T09:54:07Z,19,5,8408,9822
321,2025-04-08T09:22:04Z,2025-04-08T09:55:21Z,20,3,1967,2420
321,2025-04-08T09:22:04Z,2025-04-08T09:56:35Z,21,0,0,0
321,2025-04-08T09:22:04Z,2025-04-08T09:57:47Z,22,2,912,1074
321,2025-04-08T09:22:04Z,2025-04-08T09:58:59Z,23,2,912,1074
321,2025-04-08T09:22:04Z,2025-04-08T10:00:13Z,24,0,0,0
321,2025-04-08T09:22:04Z,2025-04-08T10:01:26Z,25,4,3906,4532
321,2025-04-08T09:22:04Z,2025-04-08T10:02:38Z,26,0,0,0
321,2025-04-08T09:22:04Z,2025-04-08T10:03:51Z,27,0,0,0
321,2025-04-08T09:22:04Z,2025-04-08T10:05:02Z,28,3,1967,2420
321,2025-04-08T09:22:04Z,2025-04-08T10:06:15Z,29,1,392,486
321,2025-04-08T09:22:04Z,2025-04-08T10:07:27Z,30,1,392,486
321,2025-04-08T09:22:04Z,2025-04-08T10:08:38Z,31,2,912,1074
321,2025-04-08T09:22:04Z,2025-04-08T10:09:51Z,32,1,392,486
321,2025-04-08T09:22:04Z,2025-04-08T10:11:02Z,33,3,1967,2420
321,2025-04-08T09:22:04Z,2025-04-08T10:12:13Z,34,3,1967,2420
321,2025-04-08T09:22:04Z,2025-04-08T10:13:25Z,35,4,3906,4532
321,2025-04-08T09:22:04Z,2025-04-08T10:14:36Z,36,4,3906,4532
322,2025-04-09T15:24:13Z,2025-04-09T15:35:04Z,1,5,8408,9822
322,2025-04-09T15:24:13Z,2025-04-09T15:36:17Z,2,3,1967,2420
322,2025-04-09T15:24:13Z,2025-04-09T15:37:30Z,3,5,8408,9822
322,2025-04-09T15:24:13Z,2025-04-09T15:38:41Z,4,1,392,486
322,2025-04-09T15:24:13Z,2025-04-09T15:39:53Z,5,5,8408,9822
322,2025-04-09T15:24:13Z,2025-04-09T15:41:05Z,6,4,3906,4532
322,2025-04-09T15:24:13Z,2025-04-09T15:42:16Z,7,0,0,0
322,2025-04-09T15:24:13Z,2025-04-09T15:43:30Z,8,1,392,486
322,2025-04-09T15:24:13Z,2025-04-09T15:44:41Z,9,1,392,486
322,2025-04-09T15:24:13Z,2025-04-09T15:45:53Z,10,2,912,1074
322,2025-04-09T15:24:13Z,2025-04-09T15:47:07Z,11,1,392,486
322,2025-04-09T15:24:13Z,2025-04-09T15:48:18Z,12,3,1967,2420
322,2025-04-09T15:24:13Z,2025-04-09T15:49:32Z,13,1,392,486
322,2025-04-09T15:24:13Z,2025-04-09T15:50:45Z,14,4,3906,4532
324,2025-04-11T13:05:46Z,2025-04-11T13:16:09Z,1,5,8408,9822
324,2025-04-11T13:05:46Z,2025-04-11T13:17:22Z,2,1,392,486
324,2025-04-11T13:05:46Z,2025-04-11T13:18:36Z,3,4,3906,4532
324,2025-04-11T13:05:46Z,2025-04-11T13:19:48Z,4,4,3906,4532
324,2025-04-11T13:05:46Z,2025-04-11T13:20:59Z,5,3,1967,2420
324,2025-04-11T13:05:46Z,2025-04-11T13:22:10Z,6,1,392,486
324,2025-04-11T13:05:46Z,2025-04-11T13:23:22Z,7,1,392,486
324,2025-04-11T13:05:46Z,2025-04-11T13:24:35Z,8,5,8408,9822
324,2025-04-11T13:05:46Z,2025-04-11T13:25:48Z,9,0,0,0
324,2025-04-11T13:05:46Z,2025-04-11T13:27:00Z,10,4,3906,4532
324,2025-04-11T13:05:46Z,2025-04-11T13:28:14Z,11,2,912,1074
324,2025-04-11T13:05:46Z,2025-04-11T13:29:26Z,12,1,392,486
324,2025-04-11T13:05:46Z,2025-04-11T13:30:38Z,13,0,0,0
324,2025-04-11T13:05:46Z,2025-04-11T13:31:50Z,14,3,1967,2420
324,2025-04-11T13:05:46Z,2025-04-11T13:33:03Z,15,4,3906,4532
324,2025-04-11T13:05:46Z,2025-04-11T13:34:16Z,16,0,0,0
324,2025-04-11T13:05:46Z,2025-04-11T13:35:30Z,17,0,0,0
324,2025-04-11T13:05:46Z,2025-04-11T13:36:43Z,18,5,8408,9822
324,2025-04-11T13:05:46Z,2025-04-11T13:37:55Z,19,4,3906,4532
324,2025-04-11T13:05:46Z,2025-04-11T13:39:07Z,20,1,392,486
324,2025-04-11T13:05:46Z,2025-04-11T13:40:20Z,21,2,912,1074
324,2025-04-11T13:05:46Z,2025-04-11T13:41:34Z,22,3,1967,2420
324,2025-04-11T13:05:46Z,2025-04-11T13:42:48Z,23,2,912,1074
324,2025-04-11T13:05:46Z,2025-04-11T13:44:00Z,24,5,8408,9822
324,2025-04-11T13:05:46Z,2025-04-11T13:45:35Z,25,2,912,1074
324,2025-04-11T13:05:46Z,2025-04-11T13:46:46Z,26,2,912,1074
324,2025-04-11T13:05:46Z,2025-04-11T13:48:00Z,27,0,0,0
324,2025-04-11T13:05:46Z,2025-04-11T13:49:13Z,28,1,392,486
324,2025-04-11T13:05:46Z,2025-04-11T13:50:25Z,29,3,1967,2420
324,2025-04-11T13:05:46Z,2025-04-11T13:51:37Z,30,5,8408,9822
324,2025-04-11T13:05:46Z,2025-04-11T13:52:51Z,31,5,8408,9822
324,2025-04-11T13:05:46Z,2025-04-11T13:54:03Z,32,3,1967,2420
324,2025-04-11T13:05:46Z,2025-04-11T13:55:16Z,33,3,1967,2420
324,2025-04-11T13:05:46Z,2025-04-11T13:56:28Z,34,0,0,0
324,2025-04-11T13:05:46Z,2025-04-11T13:57:41Z,35,2,912,1074
324,2025-04-11T13:05:46Z,2025-04-11T13:58:52Z,36,4,3906,4532
327,2025-04-17T09:22:01Z,2025-04-17T09:32:19Z,1,5,8408,9822
327,2025-04-17T09:22:01Z,2025-04-17T09:33:31Z,2,2,912,1074
327,2025-04-17T09:22:01Z,2025-04-17T09:34:42Z,3,4,3906,4532
327,2025-04-17T09:22:01Z,2025-04-17T09:35:53Z,4,1,392,486
327,2025-04-17T09:22:01Z,2025-04-17T09:37:07Z,5,5,8408,9822
327,2025-04-17T09:22:01Z,2025-04-17T09:38:18Z,6,1,392,486
327,2025-04-17T09:22:01Z,2025-04-17T09:39:29Z,7,2,912,1074
327,2025-04-17T09:22:01Z,2025-04-17T09:40:40Z,8,5,8408,9822
327,2025-04-17T09:22:01Z,2025-04-17T09:41:52Z,9,0,0,0
327,2025-04-17T09:22:01Z,2025-04-17T09:43:04Z,10,2,912,1074
327,2025-04-17T09:22:01Z,2025-04-17T09:44:16Z,11,2,912,1074
327,2025-04-17T09:22:01Z,2025-04-17T09:45:28Z,12,3,1967,2420
327,2025-04-17T09:22:01Z,2025-04-17T09:46:41Z,13,2,912,1074
327,2025-04-17T09:22:01Z,2025-04-17T09:47:55Z,14,0,0,0
327,2025-04-17T09:22:01Z,2025-04-17T09:49:08Z,15,3,1967,2420
327,2025-04-17T09:22:01Z,2025-04-17T09:50:20Z,16,0,0,0
327,2025-04-17T09:22:01Z,2025-04-17T09:51:33Z,17,1,392,486
327,2025-04-17T09:22:01Z,2025-04-17T09:52:45Z,18,1,392,486
327,2025-04-17T09:22:01Z,2025-04-17T09:53:57Z,19,4,3906,4532
327,2025-04-17T09:22:01Z,2025-04-17T09:55:09Z,20,3,1967,2420
327,2025-04-17T09:22:01Z,2025-04-17T09:56:21Z,21,5,8408,9822
327,2025-04-17T09:22:01Z,2025-04-17T09:57:34Z,22,4,3906,4532
327,2025-04-17T09:22:01Z,2025-04-17T09:58:45Z,23,2,912,1074
327,2025-04-17T09:22:01Z,2025-04-17T09:59:56Z,24,1,392,486
327,2025-04-17T09:22:01Z,2025-04-17T10:01:09Z,25,3,1967,2420
327,2025-04-17T09:22:01Z,2025-04-17T10:02:20Z,26,3,1967,2420
327,2025-04-17T09:22:01Z,2025-04-17T10:03:33Z,27,1,392,486
327,2025-04-17T09:22:01Z,2025-04-17T10:04:46Z,28,0,0,0
327,2025-04-17T09:22:01Z,2025-04-17T10:05:59Z,29,4,3906,4532
327,2025-04-17T09:22:01Z,2025-04-17T10:07:12Z,30,4,3906,4532
327,2025-04-17T09:22:01Z,2025-04-17T10:08:23Z,31,0,0,0
327,2025-04-17T09:22:01Z,2025-04-17T10:09:34Z,32,0,0,0
327,2025-04-17T09:22:01Z,2025-04-17T10:10:47Z,33,5,8408,9822
327,2025-04-17T09:22:01Z,2025-04-17T10:11:58Z,34,5,8408,9822
327,2025-04-17T09:22:01Z,2025-04-17T10:13:12Z,35,3,1967,2420
327,2025-04-17T09:22:01Z,2025-04-17T10:14:23Z,36,4,3906,4532
328,2025-04-24T15:36:55Z,2025-04-24T15:47:08Z,1,5,8408,9822
328,2025-04-24T15:36:55Z,2025-04-24T15:48:21Z,2,0,0,0
328,2025-04-24T15:36:55Z,2025-04-24T15:49:33Z,3,2,912,1074
328,2025-04-24T15:36:55Z,2025-04-24T15:50:46Z,4,4,3906,4532
328,2025-04-24T15:36:55Z,2025-04-24T15:52:00Z,5,3,1967,2420
328,2025-04-24T15:36:55Z,2025-04-24T15:53:12Z,6,0,0,0
328,2025-04-24T15:36:55Z,2025-04-24T15:54:25Z,7,5,8408,9822
328,2025-04-24T15:36:55Z,2025-04-24T15:55:37Z,8,4,3906,4532
328,2025-04-24T15:36:55Z,2025-04-24T15:56:50Z,9,0,0,0
328,2025-04-24T15:36:55Z,2025-04-24T15:58:01Z,10,4,3906,4532
328,2025-04-24T15:36:55Z,2025-04-24T15:59:14Z,11,1,392,486
328,2025-04-24T15:36:55Z,2025-04-24T16:00:27Z,12,2,912,1074
328,2025-04-24T15:36:55Z,2025-04-24T16:01:41Z,13,3,1967,2420
328,2025-04-24T15:36:55Z,2025-04-24T16:02:53Z,14,2,912,1074
328,2025-04-24T15:36:55Z,2025-04-24T16:04:06Z,15,1,392,486
328,2025-04-24T15:36:55Z,2025-04-24T16:05:17Z,16,0,0,0
328,2025-04-24T15:36:55Z,2025-04-24T16:06:30Z,17,1,392,486
328,2025-04-24T15:36:55Z,2025-04-24T16:07:42Z,18,3,1967,2420
328,2025-04-24T15:36:55Z,2025-04-24T16:08:54Z,19,5,8408,9822
328,2025-04-24T15:36:55Z,2025-04-24T16:10:07Z,20,1,392,486
328,2025-04-24T15:36:55Z,2025-04-24T16:11:19Z,21,4,3906,4532
328,2025-04-24T15:36:55Z,2025-04-24T16:12:31Z,22,4,3906,4532
328,2025-04-24T15:36:55Z,2025-04-24T16:13:43Z,23,2,912,1074
328,2025-04-24T15:36:55Z,2025-04-24T16:14:54Z,24,0,0,0
328,2025-04-24T15:36:55Z,2025-04-24T16:16:06Z,25,0,0,0
328,2025-04-24T15:36:55Z,2025-04-24T16:17:20Z,26,3,1967,2420
328,2025-04-24T15:36:55Z,2025-04-24T16:18:33Z,27,3,1967,2420
328,2025-04-24T15:36:55Z,2025-04-24T16:19:47Z,28,1,392,486
328,2025-04-24T15:36:55Z,2025-04-24T16:21:01Z,29,1,392,486
328,2025-04-24T15:36:55Z,2025-04-24T16:22:13Z,30,5,8408,9822
328,2025-04-24T15:36:55Z,2025-04-24T16:23:26Z,31,5,8408,9822
328,2025-04-24T15:36:55Z,2025-04-24T16:24:39Z,32,2,912,1074
328,2025-04-24T15:36:55Z,2025-04-24T16:25:51Z,33,2,912,1074
328,2025-04-24T15:36:55Z,2025-04-24T16:27:04Z,34,5,8408,9822
328,2025-04-24T15:36:55Z,2025-04-24T16:28:17Z,35,3,1967,2420
328,2025-04-24T15:36:55Z,2025-04-24T16:29:29Z,36,4,3906,4532
329,2025-05-06T08:03:12Z,2025-05-06T08:13:31Z,1,5,8408,9822
329,2025-05-06T08:03:12Z,2025-05-06T08:14:43Z,2,4,3906,4532
329,2025-05-06T08:03:12Z,2025-05-06T08:15:57Z,3,0,0,0
329,2025-05-06T08:03:12Z,2025-05-06T08:17:09Z,4,1,392,486
329,2025-05-06T08:03:12Z,2025-05-06T08:18:21Z,5,1,392,486
329,2025-05-06T08:03:12Z,2025-05-06T08:19:33Z,6,4,3906,4532
329,2025-05-06T08:03:12Z,2025-05-06T08:20:44Z,7,1,392,486
329,2025-05-06T08:03:12Z,2025-05-06T08:21:58Z,8,5,8408,9822
329,2025-05-06T08:03:12Z,2025-05-06T08:23:10Z,9,2,912,1074
329,2025-05-06T08:03:12Z,2025-05-06T08:24:22Z,10,4,3906,4532
329,2025-05-06T08:03:12Z,2025-05-06T08:25:35Z,11,3,1967,2420
329,2025-05-06T08:03:12Z,2025-05-06T08:26:47Z,12,4,3906,4532
329,2025-05-06T08:03:12Z,2025-05-06T08:28:01Z,13,2,912,1074
329,2025-05-06T08:03:12Z,2025-05-06T08:29:14Z,14,1,392,486
329,2025-05-06T08:03:12Z,2025-05-06T08:30:25Z,15,0,0,0
329,2025-05-06T08:03:12Z,2025-05-06T08:31:38Z,16,3,1967,2420
329,2025-05-06T08:03:12Z,2025-05-06T08:32:50Z,17,5,8408,9822
329,2025-05-06T08:03:12Z,2025-05-06T08:34:02Z,18,0,0,0
329,2025-05-06T08:03:12Z,2025-05-06T08:35:14Z,19,0,0,0
329,2025-05-06T08:03:12Z,2025-05-06T08:36:27Z,20,5,8408,9822
329,2025-05-06T08:03:12Z,2025-05-06T08:37:39Z,21,5,8408,9822
329,2025-05-06T08:03:12Z,2025-05-06T08:38:50Z,22,1,392,486
329,2025-05-06T08:03:12Z,2025-05-06T08:40:04Z,23,2,912,1074
329,2025-05-06T08:03:12Z,2025-05-06T08:41:15Z,24,0,0,0
329,2025-05-06T08:03:12Z,2025-05-06T08:42:27Z,25,2,912,1074
329,2025-05-06T08:03:12Z,2025-05-06T08:43:38Z,26,5,8408,9822
329,2025-05-06T08:03:12Z,2025-05-06T08:44:51Z,27,3,1967,2420
329,2025-05-06T08:03:12Z,2025-05-06T08:46:04Z,28,1,392,486
329,2025-05-06T08:03:12Z,2025-05-06T08:47:18Z,29,3,1967,2420
329,2025-05-06T08:03:12Z,2025-05-06T08:48:31Z,30,2,912,1074
329,2025-05-06T08:03:12Z,2025-05-06T08:49:45Z,31,2,912,1074
329,2025-05-06T08:03:12Z,2025-05-06T08:50:57Z,32,3,1967,2420
329,2025-05-06T08:03:12Z,2025-05-06T08:52:10Z,33,3,1967,2420
329,2025-05-06T08:03:12Z,2025-05-06T08:53:24Z,34,0,0,0
329,2025-05-06T08:03:12Z,2025-05-06T08:54:38Z,35,4,3906,4532
329,2025-05-06T08:03:12Z,2025-05-06T08:55:51Z,36,4,3906,4532
330,2025-05-27T08:04:54Z,2025-05-27T08:15:11Z,1,5,8408,9822
330,2025-05-27T08:04:54Z,2025-05-27T08:16:23Z,2,2,912,1074
330,2025-05-27T08:04:54Z,2025-05-27T08:17:34Z,3,3,1967,2420
330,2025-05-27T08:04:54Z,2025-05-27T08:18:47Z,4,5,8408,9822
330,2025-05-27T08:04:54Z,2025-05-27T08:19:59Z,5,3,1967,2420
330,2025-05-27T08:04:54Z,2025-05-27T08:21:11Z,6,4,3906,4532
330,2025-05-27T08:04:54Z,2025-05-27T08:22:25Z,7,3,1967,2420
330,2025-05-27T08:04:54Z,2025-05-27T08:23:36Z,8,2,912,1074
330,2025-05-27T08:04:54Z,2025-05-27T08:24:50Z,9,0,0,0
330,2025-05-27T08:04:54Z,2025-05-27T08:26:02Z,10,2,912,1074
330,2025-05-27T08:04:54Z,2025-05-27T08:27:13Z,11,2,912,1074
330,2025-05-27T08:04:54Z,2025-05-27T08:28:26Z,12,5,8408,9822
330,2025-05-27T08:04:54Z,2025-05-27T08:29:39Z,13,5,8408,9822
330,2025-05-27T08:04:54Z,2025-05-27T08:30:53Z,14,0,0,0
330,2025-05-27T08:04:54Z,2025-05-27T08:32:06Z,15,5,8408,9822
330,2025-05-27T08:04:54Z,2025-05-27T08:33:18Z,16,4,3906,4532
330,2025-05-27T08:04:54Z,2025-05-27T08:34:31Z,17,2,912,1074
330,2025-05-27T08:04:54Z,2025-05-27T08:35:44Z,18,4,3906,4532
330,2025-05-27T08:04:54Z,2025-05-27T08:36:58Z,19,4,3906,4532
330,2025-05-27T08:04:54Z,2025-05-27T08:38:10Z,20,0,0,0
330,2025-05-27T08:04:54Z,2025-05-27T08:39:21Z,21,0,0,0
330,2025-05-27T08:04:54Z,2025-05-27T08:40:33Z,22,4,3906,4532
330,2025-05-27T08:04:54Z,2025-05-27T08:41:46Z,23,1,392,486
330,2025-05-27T08:04:54Z,2025-05-27T08:42:57Z,24,3,1967,2420
330,2025-05-27T08:04:54Z,2025-05-27T08:44:08Z,25,0,0,0
330,2025-05-27T08:04:54Z,2025-05-27T08:45:20Z,26,3,1967,2420
330,2025-05-27T08:04:54Z,2025-05-27T08:46:34Z,27,3,1967,2420
330,2025-05-27T08:04:54Z,2025-05-27T08:47:46Z,28,1,392,486
330,2025-05-27T08:04:54Z,2025-05-27T08:49:00Z,29,0,0,0
330,2025-05-27T08:04:54Z,2025-05-27T08:50:14Z,30,1,392,486
330,2025-05-27T08:04:54Z,2025-05-27T08:51:26Z,31,5,8408,9822
330,2025-05-27T08:04:54Z,2025-05-27T08:52:39Z,32,1,392,486
330,2025-05-27T08:04:54Z,2025-05-27T08:53:51Z,33,1,392,486
330,2025-05-27T08:04:54Z,2025-05-27T08:55:04Z,34,2,912,1074
330,2025-05-27T08:04:54Z,2025-05-27T08:56:17Z,35,1,392,486
330,2025-05-27T08:04:54Z,2025-05-27T08:57:31Z,36,4,3906,4532
332,2025-07-11T09:23:47Z,2025-07-11T09:34:15Z,1,5,8408,9822
332,2025-07-11T09:23:47Z,2025-07-11T09:35:36Z,2,3,1967,2420
332,2025-07-11T09:23:47Z,2025-07-11T09:36:49Z,3,1,392,486
332,2025-07-11T09:23:47Z,2025-07-11T09:38:02Z,4,2,912,1074
332,2025-07-11T09:23:47Z,2025-07-11T09:39:15Z,5,0,0,0
332,2025-07-11T09:23:47Z,2025-07-11T09:40:26Z,6,5,8408,9822
332,2025-07-11T09:23:47Z,2025-07-11T09:41:40Z,7,5,8408,9822
332,2025-07-11T09:23:47Z,2025-07-11T09:42:53Z,8,2,912,1074
332,2025-07-11T09:23:47Z,2025-07-11T09:44:06Z,9,2,912,1074
332,2025-07-11T09:23:47Z,2025-07-11T09:45:19Z,10,4,3906,4532
332,2025-07-11T09:23:47Z,2025-07-11T09:46:31Z,11,3,1967,2420
332,2025-07-11T09:23:47Z,2025-07-11T09:47:44Z,12,5,8408,9822
332,2025-07-11T09:23:47Z,2025-07-11T09:48:57Z,13,4,3906,4532
332,2025-07-11T09:23:47Z,2025-07-11T09:50:09Z,14,0,0,0
332,2025-07-11T09:23:47Z,2025-07-11T09:51:20Z,15,4,3906,4532
332,2025-07-11T09:23:47Z,2025-07-11T09:52:32Z,16,2,912,1074
332,2025-07-11T09:23:47Z,2025-07-11T09:53:46Z,17,1,392,486
332,2025-07-11T09:23:47Z,2025-07-11T09:55:00Z,18,4,3906,4532
332,2025-07-11T09:23:47Z,2025-07-11T09:56:13Z,19,4,3906,4532
332,2025-07-11T09:23:47Z,2025-07-11T09:57:25Z,20,1,392,486
332,2025-07-11T09:23:47Z,2025-07-11T09:58:36Z,21,3,1967,2420
332,2025-07-11T09:23:47Z,2025-07-11T09:59:47Z,22,2,912,1074
332,2025-07-11T09:23:47Z,2025-07-11T10:00:59Z,23,3,1967,2420
332,2025-07-11T09:23:47Z,2025-07-11T10:02:11Z,24,0,0,0
332,2025-07-11T09:23:47Z,2025-07-11T10:03:23Z,25,0,0,0
332,2025-07-11T09:23:47Z,2025-07-11T10:04:36Z,26,2,912,1074
332,2025-07-11T09:23:47Z,2025-07-11T10:05:47Z,27,5,8408,9822
332,2025-07-11T09:23:47Z,2025-07-11T10:06:59Z,28,0,0,0
332,2025-07-11T09:23:47Z,2025-07-11T10:08:10Z,29,1,392,486
332,2025-07-11T09:23:47Z,2025-07-11T10:09:22Z,30,5,8408,9822
332,2025-07-11T09:23:47Z,2025-07-11T10:10:36Z,31,1,392,486
332,2025-07-11T09:23:47Z,2025-07-11T10:11:50Z,32,1,392,486
332,2025-07-11T09:23:47Z,2025-07-11T10:13:03Z,33,0,0,0
332,2025-07-11T09:23:47Z,2025-07-11T10:14:15Z,34,3,1967,2420
332,2025-07-11T09:23:47Z,2025-07-11T10:15:29Z,35,3,1967,2420
332,2025-07-11T09:23:47Z,2025-07-11T10:16:43Z,36,4,3906,4532
